<?xml version='1.0' encoding='UTF-8'?>
<system creation-date="2025-06-05 10:15:35.985000" desc="" enable="False" id="5FEE9D1A-759B-476A-8A65-F17FAFFC5380" last-modified-date="" name="IRB140_6_81"><applications><application name="RobotWare" version="6.16.0025"><settings><system-xml path="C:\Users\diazg\OneDrive\Documentos\AA UNAL\ROBOTICA\LABORATORIO\LAB02\Virtual Controllers\IRB140_6_81\system.xml" /><key-id path="C:\Users\diazg\OneDrive\Documentos\AA UNAL\ROBOTICA\LABORATORIO\LAB02\Virtual Controllers\IRB140_6_81\INTERNAL\key.id" /><setting-file path="C:\Users\diazg\OneDrive\Documentos\AA UNAL\ROBOTICA\LABORATORIO\LAB02\Virtual Controllers\IRB140_6_81\INTERNAL\controller.rsf" /></settings></application></applications></system>