<?xml version="1.0" encoding="iso-8859-1"?>
<Version>
  <Major>6</Major>
  <Minor>16</Minor>
  <Build>0025</Build>
  <Revision>00</Revision>
  <SubRevision>00</SubRevision>
  <BuildTag></BuildTag>
  <VersionName>6.16.00.00</VersionName>
  <RobAPICompatibilityRevision>0</RobAPICompatibilityRevision>
  <Title>RobotWare</Title>
  <Type>RobotWare</Type>
  <Description>Controller Software</Description>
  <Date>2025-03-06</Date>
  <MCTimeStamp>#08:11:07/Mar 06 2025#</MCTimeStamp>
</Version>